noc,iso3,country_name,cluster_id,cluster_name,cluster_k,typical_countries,total_medals_mean,gold_share_mean,medal_volatility,sport_concentration_hhi,medal_sports_count,recent_growth_rate,female_athlete_share,medals_per_million_people,medals_per_100b_gdp,medals_per_100_athletes,country_first_medal_year,clustering_method,cluster_note
AFG,AFG,Afghanistan,1,Specialist concentrated programs,5,"Monaco, Azerbaijan, Slovakia, AIN, Indonesia",1.0,0.0,0.0,1.0,1.0,0.0,0.08214285714285714,0.03524153658848621,,20.833333333333332,2008,z-score standardization + numpy k-means,"Cluster labels are descriptive typologies, not fixed rankings."
AHO,AHO,Curacao,1,Specialist concentrated programs,5,"Monaco, Azerbaijan, Slovakia, AIN, Indonesia",1.0,0.0,0.0,1.0,1.0,,0.1347069597069597,,,25.0,1988,z-score standardization + numpy k-means,"Cluster labels are descriptive typologies, not fixed rankings."
AIN,AIN,AIN,1,Specialist concentrated programs,5,"Monaco, Azerbaijan, Slovakia, AIN, Indonesia",5.0,0.2,0.0,0.28,4.0,,,,,15.625,2024,z-score standardization + numpy k-means,"Cluster labels are descriptive typologies, not fixed rankings."
ALB,ALB,Albania,1,Specialist concentrated programs,5,"Monaco, Azerbaijan, Slovakia, AIN, Indonesia",2.0,0.0,0.0,1.0,1.0,,0.37997835497835497,,,25.0,2024,z-score standardization + numpy k-means,"Cluster labels are descriptive typologies, not fixed rankings."
ALG,DZA,Algeria,0,Rising challengers,5,"Uzbekistan, South Africa, Bahrain, Ecuador, Iran",2.5,0.37916666666666665,1.1952286093343936,0.7586111111111111,1.625,0.3333333333333333,0.1302491075996987,0.08103076117586645,0.6756850528447718,5.387547279407242,1984,z-score standardization + numpy k-means,"Cluster labels are descriptive typologies, not fixed rankings."
ANZ,ANZ,Australia,3,Broad mid-tier competitors,5,"Germany, France, Italy, Japan, Australia",6.0,0.24285714285714285,1.4142135623730951,0.5175510204081633,3.0,,0.04,,,14.418859649122806,1896,z-score standardization + numpy k-means,"Cluster labels are descriptive typologies, not fixed rankings."
ARG,ARG,Argentina,3,Broad mid-tier competitors,5,"Germany, France, Italy, Japan, Australia",3.8095238095238093,0.2028344671201814,2.0644381225662256,0.4735698088759313,3.0,-0.14583333333333331,0.11898877034805343,0.2010440934759968,0.6204871977441612,3.219245527766144,1924,z-score standardization + numpy k-means,"Cluster labels are descriptive typologies, not fixed rankings."
ARM,ARM,Armenia,1,Specialist concentrated programs,5,"Monaco, Azerbaijan, Slovakia, AIN, Indonesia",3.4285714285714284,0.10714285714285714,1.618347187425374,0.5813492063492064,2.2857142857142856,-0.04166666666666667,0.12101403823178015,1.1229246415123766,12.066755043904246,14.478236900088493,1996,z-score standardization + numpy k-means,"Cluster labels are descriptive typologies, not fixed rankings."
AUS,AUS,Australia,3,Broad mid-tier competitors,5,"Germany, France, Italy, Japan, Australia",20.82758620689655,0.28423477937370795,17.558207208997413,0.3705892293265495,7.172413793103448,0.07652066823730991,0.21724268893390933,1.4231094839819467,5.99517443455347,15.871640376963335,1896,z-score standardization + numpy k-means,"Cluster labels are descriptive typologies, not fixed rankings."
AUT,AUT,Austria,0,Rising challengers,5,"Uzbekistan, South Africa, Bahrain, Ecuador, Iran",4.285714285714286,0.22521508603441376,3.2756920994133023,0.5378613882138601,2.6785714285714284,1.6825396825396826,0.17617122884984632,0.6095626067154162,1.7059020706790529,8.994200151725773,1896,z-score standardization + numpy k-means,"Cluster labels are descriptive typologies, not fixed rankings."
AZE,AZE,Azerbaijan,1,Specialist concentrated programs,5,"Monaco, Azerbaijan, Slovakia, AIN, Indonesia",7.25,0.19384920634920633,5.1478150704935,0.448620559334845,3.25,0.15436507936507937,0.22134373729745396,0.7777742221475679,7.901525630185418,14.163873276748644,1996,z-score standardization + numpy k-means,"Cluster labels are descriptive typologies, not fixed rankings."
BAH,BAH,Bahamas,4,Efficient small-population performers,5,"San Marino, Luxembourg, Kenya, Dominica, Georgia",1.6,0.4666666666666666,0.6992058987801011,1.0,1.0,0.16666666666666666,0.18760782321127148,,,7.536478041015246,1956,z-score standardization + numpy k-means,"Cluster labels are descriptive typologies, not fixed rankings."
BAR,BAR,Barbados,1,Specialist concentrated programs,5,"Monaco, Azerbaijan, Slovakia, AIN, Indonesia",1.0,0.0,0.0,1.0,1.0,,0.16228303967274557,,,3.571428571428571,2000,z-score standardization + numpy k-means,"Cluster labels are descriptive typologies, not fixed rankings."
BDI,BDI,Burundi,4,Efficient small-population performers,5,"San Marino, Luxembourg, Kenya, Dominica, Georgia",1.0,0.5,0.0,1.0,1.0,0.0,0.3955026455026455,0.12685152953420056,14.895653479219376,12.142857142857142,1996,z-score standardization + numpy k-means,"Cluster labels are descriptive typologies, not fixed rankings."
BEL,BEL,Belgium,3,Broad mid-tier competitors,5,"Germany, France, Italy, Japan, Australia",6.275862068965517,0.2294271820133889,7.791463055917299,0.4399957045057778,3.6551724137931036,0.48809523809523814,0.16553849194602122,0.747539351306858,1.5502038069633701,4.928946450169375,1900,z-score standardization + numpy k-means,"Cluster labels are descriptive typologies, not fixed rankings."
BER,BER,Bermuda,4,Efficient small-population performers,5,"San Marino, Luxembourg, Kenya, Dominica, Georgia",1.0,0.5,0.0,1.0,1.0,0.0,0.20146604938271603,,,27.5,1976,z-score standardization + numpy k-means,"Cluster labels are descriptive typologies, not fixed rankings."
BLR,BLR,Belarus,3,Broad mid-tier competitors,5,"Germany, France, Italy, Japan, Australia",13.0,0.14854865022932248,4.041451884327381,0.20206902264144166,6.428571428571429,-0.2685185185185185,0.472668300166364,1.3379547312488398,8.019119770811391,6.492940985657529,1996,z-score standardization + numpy k-means,"Cluster labels are descriptive typologies, not fixed rankings."
BOH,BOH,Czechia,1,Specialist concentrated programs,5,"Monaco, Azerbaijan, Slovakia, AIN, Indonesia",2.3333333333333335,0.0,0.5773502691896258,0.8518518518518517,1.3333333333333333,,0.03571428571428571,,,15.035977945986355,1900,z-score standardization + numpy k-means,"Cluster labels are descriptive typologies, not fixed rankings."
BOT,BWA,Botswana,1,Specialist concentrated programs,5,"Monaco, Azerbaijan, Slovakia, AIN, Indonesia",1.3333333333333333,0.16666666666666666,0.5773502691896258,1.0,1.0,0.5,0.07727272727272727,0.44845875972059596,2.8047813580748935,15.178571428571429,2012,z-score standardization + numpy k-means,"Cluster labels are descriptive typologies, not fixed rankings."
BRA,BRA,Brazil,3,Broad mid-tier competitors,5,"Germany, France, Italy, Japan, Australia",8.047619047619047,0.24003452258096222,7.151756361036011,0.4116662062002601,5.142857142857143,0.059447792274804664,0.17128238036040397,0.05209788068514407,0.7185726491930501,3.5555750574198246,1920,z-score standardization + numpy k-means,"Cluster labels are descriptive typologies, not fixed rankings."
BRN,BRN,Bahrain,0,Rising challengers,5,"Uzbekistan, South Africa, Bahrain, Ecuador, Iran",2.0,0.25,1.4142135623730951,0.84375,1.5,1.1666666666666667,0.23054353054353052,3.1261230618038023,3.60731496746568,11.2012987012987,2012,z-score standardization + numpy k-means,"Cluster labels are descriptive typologies, not fixed rankings."
BUL,BGR,Bulgaria,3,Broad mid-tier competitors,5,"Germany, France, Italy, Japan, Australia",12.777777777777779,0.2206505911282334,11.021666125545925,0.3878383781207422,5.055555555555555,0.26666666666666666,0.22892280720986435,1.5615139394725965,17.34082979359275,7.6631063281781655,1952,z-score standardization + numpy k-means,"Cluster labels are descriptive typologies, not fixed rankings."
BUR,BUR,Burkina Faso,1,Specialist concentrated programs,5,"Monaco, Azerbaijan, Slovakia, AIN, Indonesia",1.0,0.0,0.0,1.0,1.0,,0.30185185185185187,,,12.5,2020,z-score standardization + numpy k-means,"Cluster labels are descriptive typologies, not fixed rankings."
CAN,CAN,Canada,3,Broad mid-tier competitors,5,"Germany, France, Italy, Japan, Australia",12.066666666666666,0.24618968507126401,9.46475616143397,0.3615163128437472,5.966666666666667,0.09637493354598617,0.22613179552200857,0.6974357824050567,1.4327111750769643,7.801035075565465,1900,z-score standardization + numpy k-means,"Cluster labels are descriptive typologies, not fixed rankings."
CHI,CHL,Chile,0,Rising challengers,5,"Uzbekistan, South Africa, Bahrain, Ecuador, Iran",1.875,0.14583333333333331,1.1259916264596033,0.890625,1.25,1.0,0.12042194760199836,0.20463252950743233,3.2028598656032314,4.743374643506381,1928,z-score standardization + numpy k-means,"Cluster labels are descriptive typologies, not fixed rankings."
CHN,CHN,China,2,Elite diversified powers,5,"Unified Team, Soviet Union, United States, Germany, Russia",65.54545454545455,0.40404806584325426,24.208938995187857,0.10326806837202059,17.181818181818183,-0.008327922077922094,0.38709308806617015,0.04859819085175364,1.0344409803264958,13.799749943627004,1984,z-score standardization + numpy k-means,"Cluster labels are descriptive typologies, not fixed rankings."
CIV,CIV,Cote d'Ivoire,1,Specialist concentrated programs,5,"Monaco, Azerbaijan, Slovakia, AIN, Indonesia",1.25,0.125,0.5,1.0,1.0,0.16666666666666666,0.27757392180469104,0.07171978371427563,1.9831892209453266,7.426549145299146,1984,z-score standardization + numpy k-means,"Cluster labels are descriptive typologies, not fixed rankings."
CMR,CMR,Cameroon,4,Efficient small-population performers,5,"San Marino, Luxembourg, Kenya, Dominica, Georgia",1.0,0.6,0.0,1.0,1.0,,0.2562431701929784,0.08997621325852789,3.346422332764064,6.547594948910738,1968,z-score standardization + numpy k-means,"Cluster labels are descriptive typologies, not fixed rankings."
COL,COL,Colombia,0,Rising challengers,5,"Uzbekistan, South Africa, Bahrain, Ecuador, Iran",3.0833333333333335,0.125,2.6443192398846707,0.6440046296296297,2.3333333333333335,0.60625,0.14878285097808303,0.09489252377604786,0.7380451919708366,11.597434012497255,1900,z-score standardization + numpy k-means,"Cluster labels are descriptive typologies, not fixed rankings."
CPV,CPV,Cabo Verde,1,Specialist concentrated programs,5,"Monaco, Azerbaijan, Slovakia, AIN, Indonesia",1.0,0.0,0.0,1.0,1.0,,0.4888888888888889,,,14.285714285714285,2024,z-score standardization + numpy k-means,"Cluster labels are descriptive typologies, not fixed rankings."
CRC,CRI,Costa Rica,1,Specialist concentrated programs,5,"Monaco, Azerbaijan, Slovakia, AIN, Indonesia",1.3333333333333333,0.3333333333333333,0.5773502691896258,1.0,1.0,,0.19621900449486654,0.37371336364937474,3.559531083802886,10.981610981610983,1988,z-score standardization + numpy k-means,"Cluster labels are descriptive typologies, not fixed rankings."
CRO,HRV,Croatia,3,Broad mid-tier competitors,5,"Germany, France, Italy, Japan, Australia",5.333333333333333,0.31785714285714284,2.7386127875258306,0.30709215167548504,4.333333333333333,0.13541666666666669,0.21009425584349012,1.2120583782302474,5.45948163631454,6.146697614793826,1992,z-score standardization + numpy k-means,"Cluster labels are descriptive typologies, not fixed rankings."
CUB,CUB,Cuba,3,Broad mid-tier competitors,5,"Germany, France, Italy, Japan, Australia",14.0,0.3438062104021013,10.289557813628338,0.46145563383970556,4.882352941176471,-0.16682900432900433,0.16175463329173662,1.5101189809260092,,18.277541224953804,1900,z-score standardization + numpy k-means,"Cluster labels are descriptive typologies, not fixed rankings."
CYP,CYP,Cyprus,1,Specialist concentrated programs,5,"Monaco, Azerbaijan, Slovakia, AIN, Indonesia",1.0,0.0,0.0,1.0,1.0,0.0,0.2591220870632635,0.8580722719951811,3.460434460339758,7.17948717948718,2012,z-score standardization + numpy k-means,"Cluster labels are descriptive typologies, not fixed rankings."
CZE,CZE,Czechia,3,Broad mid-tier competitors,5,"Germany, France, Italy, Japan, Australia",8.75,0.3360479797979798,2.2519832529192065,0.23766233993980207,5.375,0.0553030303030303,0.3976545905470557,0.8927003565065891,2.7581325028802284,5.749220236710442,1900,z-score standardization + numpy k-means,"Cluster labels are descriptive typologies, not fixed rankings."
DEN,DNK,Denmark,3,Broad mid-tier competitors,5,"Germany, France, Italy, Japan, Australia",7.666666666666667,0.2723375698375698,4.045715770040454,0.293669807777908,5.1,0.12597402597402596,0.17136947491638033,1.8755782688314113,4.530628025834491,7.767213107593667,1896,z-score standardization + numpy k-means,"Cluster labels are descriptive typologies, not fixed rankings."
DJI,DJI,Djibouti,4,Efficient small-population performers,5,"San Marino, Luxembourg, Kenya, Dominica, Georgia",1.0,0.0,0.0,1.0,1.0,,0.20535714285714285,2.0638514357182514,47.281340263462134,16.666666666666664,1988,z-score standardization + numpy k-means,"Cluster labels are descriptive typologies, not fixed rankings."
DMA,DMA,Dominica,4,Efficient small-population performers,5,"San Marino, Luxembourg, Kenya, Dominica, Georgia",1.0,1.0,0.0,1.0,1.0,,0.38888888888888884,,,25.0,2024,z-score standardization + numpy k-means,"Cluster labels are descriptive typologies, not fixed rankings."
DOM,DOM,Dominican Republic,0,Rising challengers,5,"Uzbekistan, South Africa, Bahrain, Ecuador, Iran",2.142857142857143,0.33333333333333337,1.4638501094227998,0.7736507936507937,1.5714285714285714,0.775,0.18961718106454947,0.2042223379274276,1.6403756462244978,5.117769795367437,1984,z-score standardization + numpy k-means,"Cluster labels are descriptive typologies, not fixed rankings."
ECU,ECU,Ecuador,0,Rising challengers,5,"Uzbekistan, South Africa, Bahrain, Ecuador, Iran",2.5,0.4666666666666667,1.9148542155126762,0.7288888888888889,1.75,1.3333333333333333,0.20102996675365098,0.10808514319339498,1.1404812291909456,6.4217032967032965,1996,z-score standardization + numpy k-means,"Cluster labels are descriptive typologies, not fixed rankings."
EGY,EGY,Egypt,0,Rising challengers,5,"Uzbekistan, South Africa, Bahrain, Ecuador, Iran",3.272727272727273,0.18181818181818182,1.8488325554743508,0.6365151515151516,2.090909090909091,0.5,0.06634308420840605,0.11061351854939976,0.4526496551061901,3.221677819990182,1928,z-score standardization + numpy k-means,"Cluster labels are descriptive typologies, not fixed rankings."
EOR,EOR,EOR,1,Specialist concentrated programs,5,"Monaco, Azerbaijan, Slovakia, AIN, Indonesia",1.0,0.0,0.0,1.0,1.0,,,,,2.7027027027027026,2024,z-score standardization + numpy k-means,"Cluster labels are descriptive typologies, not fixed rankings."
ERI,ERI,Eritrea,1,Specialist concentrated programs,5,"Monaco, Azerbaijan, Slovakia, AIN, Indonesia",1.0,0.0,0.0,1.0,1.0,,0.19,0.3848688059214375,,20.0,2004,z-score standardization + numpy k-means,"Cluster labels are descriptive typologies, not fixed rankings."
ESP,ESP,Spain,3,Broad mid-tier competitors,5,"Germany, France, Italy, Japan, Australia",8.714285714285714,0.24974676739382623,8.081725416907314,0.46396795917452305,5.809523809523809,0.0008169934640522881,0.14144809837576275,0.19984318062615422,0.9344292834023181,3.548212969561475,1900,z-score standardization + numpy k-means,"Cluster labels are descriptive typologies, not fixed rankings."
EST,EST,Estonia,3,Broad mid-tier competitors,5,"Germany, France, Italy, Japan, Australia",3.272727272727273,0.27445887445887446,1.9021518914592013,0.5749412492269635,2.1818181818181817,0.16666666666666666,0.13048462789614798,2.701066238396036,7.554402864122572,9.40117816364016,1920,z-score standardization + numpy k-means,"Cluster labels are descriptive typologies, not fixed rankings."
ETH,ETH,Ethiopia,4,Efficient small-population performers,5,"San Marino, Luxembourg, Kenya, Dominica, Georgia",4.357142857142857,0.4579081632653061,2.560262692565951,1.0,1.0,-0.08928571428571429,0.24264675334093722,0.07167130584977584,8.599230228943195,14.659058617503154,1960,z-score standardization + numpy k-means,"Cluster labels are descriptive typologies, not fixed rankings."
EUN,EUN,Unified Team,2,Elite diversified powers,5,"Unified Team, Soviet Union, United States, Germany, Russia",112.0,0.4017857142857143,0.0,0.10746173469387754,20.0,,0.3473684210526316,,,17.23076923076923,1992,z-score standardization + numpy k-means,"Cluster labels are descriptive typologies, not fixed rankings."
FIJ,FIJ,Fiji,4,Efficient small-population performers,5,"San Marino, Luxembourg, Kenya, Dominica, Georgia",1.3333333333333333,0.5,0.5773502691896257,1.0,1.0,0.25,0.2287774557457656,,,3.6381900768693227,2016,z-score standardization + numpy k-means,"Cluster labels are descriptive typologies, not fixed rankings."
FIN,FIN,Finland,3,Broad mid-tier competitors,5,"Germany, France, Italy, Japan, Australia",11.555555555555555,0.291558234499411,10.671072807913685,0.37065957799436516,4.074074074074074,0.02777777777777779,0.15445284423494124,3.1318055732327497,9.639744814142968,9.052199573690743,1906,z-score standardization + numpy k-means,"Cluster labels are descriptive typologies, not fixed rankings."
FRA,FRA,France,3,Broad mid-tier competitors,5,"Germany, France, Italy, Japan, Australia",27.967741935483872,0.2927300472421637,19.49441607395605,0.18489942942723145,10.516129032258064,0.19469169042339776,0.16407378794807317,0.5595508283957228,1.6339294116769951,11.499932984630188,1896,z-score standardization + numpy k-means,"Cluster labels are descriptive typologies, not fixed rankings."
FRG,DEU,Germany,3,Broad mid-tier competitors,5,"Germany, France, Italy, Japan, Australia",37.588235294117645,0.26370631694659613,8.101379693680359,0.07645162762090227,12.647058823529411,,0.2321769328097742,0.48034503111973026,2.2752568898342305,7.481475889114275,1896,z-score standardization + numpy k-means,"Cluster labels are descriptive typologies, not fixed rankings."
GAB,GAB,Gabon,1,Specialist concentrated programs,5,"Monaco, Azerbaijan, Slovakia, AIN, Indonesia",1.0,0.0,0.0,1.0,1.0,,0.30714285714285716,0.5414498836694925,3.0604187023499456,4.761904761904762,2012,z-score standardization + numpy k-means,"Cluster labels are descriptive typologies, not fixed rankings."
GBR,GBR,United Kingdom,2,Elite diversified powers,5,"Unified Team, Soviet Union, United States, Germany, Russia",32.903225806451616,0.2779147192686664,26.95966720703315,0.2116883954257442,10.483870967741936,0.0810789800995025,0.21928036889225846,0.6124739891916771,1.760803150908081,10.702153348270633,1896,z-score standardization + numpy k-means,"Cluster labels are descriptive typologies, not fixed rankings."
GDR,DEU,Germany,2,Elite diversified powers,5,"Unified Team, Soviet Union, United States, Germany, Russia",74.0,0.3678761914748074,32.33032632065442,0.07872084901241778,12.588235294117647,,0.31492764863200773,0.9443985097685136,4.223298709369061,17.79121676822328,1896,z-score standardization + numpy k-means,"Cluster labels are descriptive typologies, not fixed rankings."
GEO,GEO,Georgia,4,Efficient small-population performers,5,"San Marino, Luxembourg, Kenya, Dominica, Georgia",5.875,0.26339285714285715,1.9594095320493148,0.43643707482993194,3.0,0.046130952380952384,0.21640406162464987,1.4410339221693427,16.172574656273163,15.724496046444536,1996,z-score standardization + numpy k-means,"Cluster labels are descriptive typologies, not fixed rankings."
GER,DEU,Germany,2,Elite diversified powers,5,"Unified Team, Soviet Union, United States, Germany, Russia",37.73913043478261,0.2807849392046201,22.750059722807418,0.15148801969763181,12.608695652173912,-0.0633733987392524,0.19921162316523913,0.5127177142355988,2.659175234829779,10.35506964656522,1896,z-score standardization + numpy k-means,"Cluster labels are descriptive typologies, not fixed rankings."
GHA,GHA,Ghana,1,Specialist concentrated programs,5,"Monaco, Azerbaijan, Slovakia, AIN, Indonesia",1.0,0.0,0.0,1.0,1.0,0.0,0.16079181992369845,0.09453872514753135,2.0995037673323025,4.058943089430895,1960,z-score standardization + numpy k-means,"Cluster labels are descriptive typologies, not fixed rankings."
GRE,GRC,Greece,3,Broad mid-tier competitors,5,"Germany, France, Italy, Japan, Australia",8.25,0.3052267177267177,12.209226731914853,0.5588511869981962,3.5833333333333335,0.5416666666666667,0.10784296990906793,1.3357373552772314,1.9186241362710565,5.522477818501465,1896,z-score standardization + numpy k-means,"Cluster labels are descriptive typologies, not fixed rankings."
GRN,GRN,Grenada,4,Efficient small-population performers,5,"San Marino, Luxembourg, Kenya, Dominica, Georgia",1.25,0.25,0.5,1.0,1.0,0.3333333333333333,0.2867283950617284,,,19.791666666666664,2012,z-score standardization + numpy k-means,"Cluster labels are descriptive typologies, not fixed rankings."
GUA,GUA,Guatemala,0,Rising challengers,5,"Uzbekistan, South Africa, Bahrain, Ecuador, Iran",1.5,0.25,0.7071067811865476,1.0,1.0,1.0,0.19698000342737185,,,8.333333333333332,2012,z-score standardization + numpy k-means,"Cluster labels are descriptive typologies, not fixed rankings."
GUY,GUY,Guyana,1,Specialist concentrated programs,5,"Monaco, Azerbaijan, Slovakia, AIN, Indonesia",1.0,0.0,0.0,1.0,1.0,,0.19369747899159662,1.291369006110758,26.35603268726094,10.0,1980,z-score standardization + numpy k-means,"Cluster labels are descriptive typologies, not fixed rankings."
HAI,HAI,Haiti,4,Efficient small-population performers,5,"San Marino, Luxembourg, Kenya, Dominica, Georgia",1.0,0.3333333333333333,0.0,1.0,1.0,,0.19292010073260074,,,21.527777777777775,1900,z-score standardization + numpy k-means,"Cluster labels are descriptive typologies, not fixed rankings."
HKG,HKG,Hong Kong,0,Rising challengers,5,"Uzbekistan, South Africa, Bahrain, Ecuador, Iran",2.6,0.3333333333333333,2.3021728866442674,0.7444444444444445,2.0,1.5555555555555556,0.26465471259785633,0.3109388573744453,0.5461943899429651,5.663921862451274,1996,z-score standardization + numpy k-means,"Cluster labels are descriptive typologies, not fixed rankings."
HUN,HUN,Hungary,3,Broad mid-tier competitors,5,"Germany, France, Italy, Japan, Australia",18.689655172413794,0.3584292485832524,9.592048225616965,0.24071508943952963,7.689655172413793,0.2166666666666667,0.18513129962486627,1.9433196138815876,14.582530179843985,10.612408985442892,1896,z-score standardization + numpy k-means,"Cluster labels are descriptive typologies, not fixed rankings."
INA,IDN,Indonesia,1,Specialist concentrated programs,5,"Monaco, Azerbaijan, Slovakia, AIN, Indonesia",3.8,0.24666666666666667,1.5491933384829668,0.705388888888889,1.7,0.04166666666666666,0.2778402983213386,0.017247882879497172,0.3176737973331259,10.501555276882476,1988,z-score standardization + numpy k-means,"Cluster labels are descriptive typologies, not fixed rankings."
IND,IND,India,0,Rising challengers,5,"Uzbekistan, South Africa, Bahrain, Ecuador, Iran",2.05,0.39880952380952384,1.9324105480761042,0.8064058956916099,1.75,0.6726190476190477,0.11741789142498238,0.002779872667299926,0.12054888254824296,4.647802195011716,1900,z-score standardization + numpy k-means,"Cluster labels are descriptive typologies, not fixed rankings."
IOA,IOA,Individual Olympic Athletes,1,Specialist concentrated programs,5,"Monaco, Azerbaijan, Slovakia, AIN, Indonesia",2.5,0.25,0.7071067811865476,1.0,1.0,-0.3333333333333333,0.2346743295019157,,,13.084795321637426,1992,z-score standardization + numpy k-means,"Cluster labels are descriptive typologies, not fixed rankings."
IRI,IRN,Iran,0,Rising challengers,5,"Uzbekistan, South Africa, Bahrain, Ecuador, Iran",4.833333333333333,0.22797619047619047,3.329900192816242,0.6401856575963719,2.111111111111111,1.3139880952380953,0.03395762598798652,0.11434942456823606,1.5802778480998303,14.143066251347086,1948,z-score standardization + numpy k-means,"Cluster labels are descriptive typologies, not fixed rankings."
IRL,IRL,Ireland,0,Rising challengers,5,"Uzbekistan, South Africa, Bahrain, Ecuador, Iran",2.4705882352941178,0.27941176470588236,1.545867356002106,0.831764705882353,1.4705882352941178,0.32916666666666666,0.1693000464606165,0.6831192646814274,4.1959382548307245,4.57142609640146,1924,z-score standardization + numpy k-means,"Cluster labels are descriptive typologies, not fixed rankings."
IRQ,IRQ,Iraq,1,Specialist concentrated programs,5,"Monaco, Azerbaijan, Slovakia, AIN, Indonesia",1.0,0.0,0.0,1.0,1.0,,0.08333333333333334,0.14240841394480278,,3.571428571428571,1960,z-score standardization + numpy k-means,"Cluster labels are descriptive typologies, not fixed rankings."
ISL,ISL,Iceland,1,Specialist concentrated programs,5,"Monaco, Azerbaijan, Slovakia, AIN, Indonesia",1.0,0.0,0.0,1.0,1.0,,0.17562610229276895,4.271810005794945,17.984703889380654,14.882806292706181,1956,z-score standardization + numpy k-means,"Cluster labels are descriptive typologies, not fixed rankings."
ISR,ISR,Israel,0,Rising challengers,5,"Uzbekistan, South Africa, Bahrain, Ecuador, Iran",2.5,0.14285714285714285,2.0701966780270626,0.7570153061224489,1.875,0.9166666666666666,0.2712932901943674,0.27008262045205766,0.7655741072754007,3.661957903160132,1992,z-score standardization + numpy k-means,"Cluster labels are descriptive typologies, not fixed rankings."
ISV,ISV,"Virgin Islands, US",1,Specialist concentrated programs,5,"Monaco, Azerbaijan, Slovakia, AIN, Indonesia",1.0,0.0,0.0,1.0,1.0,,0.19934940538388812,,,2.1739130434782608,1988,z-score standardization + numpy k-means,"Cluster labels are descriptive typologies, not fixed rankings."
ITA,ITA,Italy,3,Broad mid-tier competitors,5,"Germany, France, Italy, Japan, Australia",23.586206896551722,0.37288210312489095,9.890533863170491,0.15984878093771795,9.931034482758621,0.0914021164021164,0.14396095466307826,0.46578259937420713,2.765847159794444,8.248307164128047,1900,z-score standardization + numpy k-means,"Cluster labels are descriptive typologies, not fixed rankings."
JAM,JAM,Jamaica,4,Efficient small-population performers,5,"San Marino, Luxembourg, Kenya, Dominica, Georgia",5.352941176470588,0.22620320855614973,3.4989494221585327,0.9738562091503269,1.0588235294117647,-0.06628787878787878,0.36670969535202,2.203615101471523,28.64711379461389,10.348267633569366,1948,z-score standardization + numpy k-means,"Cluster labels are descriptive typologies, not fixed rankings."
JOR,JOR,Jordan,1,Specialist concentrated programs,5,"Monaco, Azerbaijan, Slovakia, AIN, Indonesia",1.3333333333333333,0.3333333333333333,0.5773502691896257,0.8333333333333334,1.3333333333333333,0.25,0.31535103785103785,0.14200486624825004,1.3771751293884826,11.388888888888888,2016,z-score standardization + numpy k-means,"Cluster labels are descriptive typologies, not fixed rankings."
JPN,JPN,Japan,3,Broad mid-tier competitors,5,"Germany, France, Italy, Japan, Australia",23.47826086956522,0.2994528199766139,14.067595146348967,0.3414458957638284,7.217391304347826,0.1973608959320083,0.23793639758769025,0.20574745691293117,1.409949321350855,7.119762214851579,1920,z-score standardization + numpy k-means,"Cluster labels are descriptive typologies, not fixed rankings."
KAZ,KAZ,Kazakhstan,3,Broad mid-tier competitors,5,"Germany, France, Italy, Japan, Australia",10.625,0.2285162753912754,3.8890872965260113,0.27085069062492684,4.875,-0.07398504273504274,0.3855906508031048,0.6513998771503388,4.735285303848168,8.434344596339901,1996,z-score standardization + numpy k-means,"Cluster labels are descriptive typologies, not fixed rankings."
KEN,KEN,Kenya,4,Efficient small-population performers,5,"San Marino, Luxembourg, Kenya, Dominica, Georgia",8.642857142857142,0.2896434914292057,3.6078364037860027,0.8977072310405644,1.2857142857142858,-0.053904428904428904,0.20094052000603924,0.34102941946670173,12.43392744129136,14.318842553714944,1964,z-score standardization + numpy k-means,"Cluster labels are descriptive typologies, not fixed rankings."
KGZ,KGZ,Kyrgyzstan,1,Specialist concentrated programs,5,"Monaco, Azerbaijan, Slovakia, AIN, Indonesia",3.0,0.0,2.160246899469287,0.9305555555555556,1.25,0.75,0.25117343711944434,0.34117463979020624,7.895335353443471,16.411604654665965,2000,z-score standardization + numpy k-means,"Cluster labels are descriptive typologies, not fixed rankings."
KOR,KOR,South Korea,3,Broad mid-tier competitors,5,"Germany, France, Italy, Japan, Australia",17.5,0.22989441439439082,12.848666673788284,0.3234188620795808,7.055555555555555,0.05140168970814131,0.2686717192470873,0.3728015699440739,3.0561021799351757,7.602658552183616,1948,z-score standardization + numpy k-means,"Cluster labels are descriptive typologies, not fixed rankings."
KOS,KOS,Kosovo,4,Efficient small-population performers,5,"San Marino, Luxembourg, Kenya, Dominica, Georgia",1.6666666666666667,0.6666666666666666,0.5773502691896257,1.0,1.0,0.5,0.625,,,17.634680134680135,2016,z-score standardization + numpy k-means,"Cluster labels are descriptive typologies, not fixed rankings."
KSA,KSA,Saudi Arabia,1,Specialist concentrated programs,5,"Monaco, Azerbaijan, Slovakia, AIN, Indonesia",1.3333333333333333,0.0,0.5773502691896257,0.8333333333333334,1.3333333333333333,-0.25,0.03737373737373737,,,5.357927097057531,2000,z-score standardization + numpy k-means,"Cluster labels are descriptive typologies, not fixed rankings."
KUW,KUW,Kuwait,1,Specialist concentrated programs,5,"Monaco, Azerbaijan, Slovakia, AIN, Indonesia",1.0,0.0,0.0,1.0,1.0,0.0,0.024242424242424242,,,7.222222222222221,2000,z-score standardization + numpy k-means,"Cluster labels are descriptive typologies, not fixed rankings."
LAT,LVA,Latvia,3,Broad mid-tier competitors,5,"Germany, France, Italy, Japan, Australia",2.3333333333333335,0.18518518518518517,0.9999999999999999,0.5277777777777778,2.3333333333333335,-0.16666666666666666,0.21864744124600194,1.0644527993866864,6.742058105477013,5.764835523690207,1932,z-score standardization + numpy k-means,"Cluster labels are descriptive typologies, not fixed rankings."
LCA,LCA,Saint Lucia,4,Efficient small-population performers,5,"San Marino, Luxembourg, Kenya, Dominica, Georgia",2.0,0.5,0.0,1.0,1.0,,0.5277777777777778,,,50.0,2024,z-score standardization + numpy k-means,"Cluster labels are descriptive typologies, not fixed rankings."
LIB,LIB,Lebanon,1,Specialist concentrated programs,5,"Monaco, Azerbaijan, Slovakia, AIN, Indonesia",1.3333333333333333,0.0,0.5773502691896257,1.0,1.0,,0.20989282475350587,,,10.087719298245615,1952,z-score standardization + numpy k-means,"Cluster labels are descriptive typologies, not fixed rankings."
LTU,LTU,Lithuania,0,Rising challengers,5,"Uzbekistan, South Africa, Bahrain, Ecuador, Iran",3.3333333333333335,0.18148148148148147,1.6583123951777,0.4845061728395062,3.0,0.5125,0.2402394017456717,1.0154752274562797,4.927581476935737,4.845582860888794,1992,z-score standardization + numpy k-means,"Cluster labels are descriptive typologies, not fixed rankings."
LUX,LUX,Luxembourg,4,Efficient small-population performers,5,"San Marino, Luxembourg, Kenya, Dominica, Georgia",1.2,0.7,0.4472135954999579,1.0,1.0,,0.191592106306392,4.364445579091807,17.736637094653652,21.28423311371825,1900,z-score standardization + numpy k-means,"Cluster labels are descriptive typologies, not fixed rankings."
MAR,MAR,Morocco,0,Rising challengers,5,"Uzbekistan, South Africa, Bahrain, Ecuador, Iran",2.1666666666666665,0.3194444444444444,1.1934162828797101,0.8575925925925926,1.3333333333333333,0.125,0.10628747146827784,0.08410030821540092,1.8287071039510763,4.665052123027466,1960,z-score standardization + numpy k-means,"Cluster labels are descriptive typologies, not fixed rankings."
MAS,MYS,Malaysia,1,Specialist concentrated programs,5,"Monaco, Azerbaijan, Slovakia, AIN, Indonesia",2.142857142857143,0.0,1.3451854182690985,0.7771428571428572,1.5714285714285714,0.475,0.1978643372844247,0.07816855581383575,0.38687321072750264,5.640142163675143,1992,z-score standardization + numpy k-means,"Cluster labels are descriptive typologies, not fixed rankings."
MDA,MDA,Moldova,0,Rising challengers,5,"Uzbekistan, South Africa, Bahrain, Ecuador, Iran",2.0,0.0,1.0954451150103321,0.7291666666666666,1.6666666666666667,1.1666666666666667,0.2585577420737047,0.4185543179648447,8.562702100878948,7.046398046398046,1996,z-score standardization + numpy k-means,"Cluster labels are descriptive typologies, not fixed rankings."
MEX,MEX,Mexico,3,Broad mid-tier competitors,5,"Germany, France, Italy, Japan, Australia",3.3043478260869565,0.13229813664596274,2.285026011562622,0.606283370030782,2.4782608695652173,0.2744047619047619,0.16964909260059544,0.0628020982811199,0.3770362187468745,4.378487670590249,1900,z-score standardization + numpy k-means,"Cluster labels are descriptive typologies, not fixed rankings."
MGL,MGL,Mongolia,1,Specialist concentrated programs,5,"Monaco, Azerbaijan, Slovakia, AIN, Indonesia",2.3846153846153846,0.038461538461538464,1.5566235649883124,0.7584615384615384,1.6153846153846154,-0.024999999999999994,0.2550447324250606,,,6.470072085149133,1968,z-score standardization + numpy k-means,"Cluster labels are descriptive typologies, not fixed rankings."
MKD,MKD,North Macedonia,1,Specialist concentrated programs,5,"Monaco, Azerbaijan, Slovakia, AIN, Indonesia",1.0,0.0,0.0,1.0,1.0,0.0,0.4041847041847042,0.5101334453940952,4.060319406630536,9.583333333333334,2000,z-score standardization + numpy k-means,"Cluster labels are descriptive typologies, not fixed rankings."
MNE,MNE,Montenegro,1,Specialist concentrated programs,5,"Monaco, Azerbaijan, Slovakia, AIN, Indonesia",1.0,0.0,0.0,1.0,1.0,,0.35803144224196853,1.5784173524890064,8.379989305781116,2.941176470588235,2012,z-score standardization + numpy k-means,"Cluster labels are descriptive typologies, not fixed rankings."
MON,MCO,Monaco,1,Specialist concentrated programs,5,"Monaco, Azerbaijan, Slovakia, AIN, Indonesia",1.0,0.0,0.0,1.0,1.0,,0.09021164021164021,40.68182742768805,,11.11111111111111,1924,z-score standardization + numpy k-means,"Cluster labels are descriptive typologies, not fixed rankings."
MOZ,MOZ,Mozambique,4,Efficient small-population performers,5,"San Marino, Luxembourg, Kenya, Dominica, Georgia",1.0,0.5,0.0,1.0,1.0,,0.3337301587301587,0.05789596846343553,6.554324410578223,29.166666666666664,1996,z-score standardization + numpy k-means,"Cluster labels are descriptive typologies, not fixed rankings."
MRI,MRI,Mauritius,1,Specialist concentrated programs,5,"Monaco, Azerbaijan, Slovakia, AIN, Indonesia",1.0,0.0,0.0,1.0,1.0,,0.3778295778295778,,,9.090909090909092,2008,z-score standardization + numpy k-means,"Cluster labels are descriptive typologies, not fixed rankings."
NAM,NAM,Namibia,1,Specialist concentrated programs,5,"Monaco, Azerbaijan, Slovakia, AIN, Indonesia",1.6666666666666667,0.0,0.5773502691896258,1.0,1.0,-0.5,0.3097041847041847,0.9833588490208126,14.606389879772436,16.363636363636363,1992,z-score standardization + numpy k-means,"Cluster labels are descriptive typologies, not fixed rankings."
NED,NLD,Netherlands,3,Broad mid-tier competitors,5,"Germany, France, Italy, Japan, Australia",13.107142857142858,0.24471395999471302,9.222915445355081,0.2914414271516573,6.285714285714286,0.2597953216374269,0.23706114664544245,1.0541931954348118,2.5582286640993503,6.1193382355085415,1900,z-score standardization + numpy k-means,"Cluster labels are descriptive typologies, not fixed rankings."
NGR,NGA,Nigeria,1,Specialist concentrated programs,5,"Monaco, Azerbaijan, Slovakia, AIN, Indonesia",2.6,0.06666666666666667,1.6465452046971292,0.6930555555555555,1.8,0.125,0.23637168599717845,0.023128023604642903,0.7483442157473007,4.056080928786457,1964,z-score standardization + numpy k-means,"Cluster labels are descriptive typologies, not fixed rankings."
NIG,NER,Niger,1,Specialist concentrated programs,5,"Monaco, Azerbaijan, Slovakia, AIN, Indonesia",1.0,0.0,0.0,1.0,1.0,0.0,0.1875,0.1261111986018344,6.474956774179924,20.833333333333332,1972,z-score standardization + numpy k-means,"Cluster labels are descriptive typologies, not fixed rankings."
NOR,NOR,Norway,3,Broad mid-tier competitors,5,"Germany, France, Italy, Japan, Australia",6.333333333333333,0.40836222100589914,5.27694550342846,0.40174234094564937,4.074074074074074,0.1111111111111111,0.18304089442979782,1.9255765832177487,3.425312052081924,7.46949626322564,1900,z-score standardization + numpy k-means,"Cluster labels are descriptive typologies, not fixed rankings."
NZL,NZL,New Zealand,3,Broad mid-tier competitors,5,"Germany, France, Italy, Japan, Australia",6.583333333333333,0.4600751100751101,6.213006460270448,0.5281445995980767,3.5833333333333335,0.23504273504273504,0.2187183902734402,1.7659454517441338,8.072139148638012,11.11111682108781,1900,z-score standardization + numpy k-means,"Cluster labels are descriptive typologies, not fixed rankings."
PAK,PAK,Pakistan,0,Rising challengers,5,"Uzbekistan, South Africa, Bahrain, Ecuador, Iran",1.1,0.35,0.31622776601683794,0.95,1.1,0.0,0.045569082333788216,0.018094944260486395,1.0395922098229726,4.576430336217468,1956,z-score standardization + numpy k-means,"Cluster labels are descriptive typologies, not fixed rankings."
PAN,PAN,Panama,4,Efficient small-population performers,5,"San Marino, Luxembourg, Kenya, Dominica, Georgia",1.3333333333333333,0.3333333333333333,0.5773502691896257,1.0,1.0,0.0,0.20210084033613446,1.3633521382792069,1.7225397556792674,44.166666666666664,1948,z-score standardization + numpy k-means,"Cluster labels are descriptive typologies, not fixed rankings."
PAR,PRY,Paraguay,1,Specialist concentrated programs,5,"Monaco, Azerbaijan, Slovakia, AIN, Indonesia",1.0,0.0,0.0,1.0,1.0,,0.2059042809042809,0.1855913897473006,2.145375684636697,4.545454545454546,2004,z-score standardization + numpy k-means,"Cluster labels are descriptive typologies, not fixed rankings."
PER,PER,Peru,1,Specialist concentrated programs,5,"Monaco, Azerbaijan, Slovakia, AIN, Indonesia",1.0,0.2,0.0,1.0,1.0,0.0,0.315797174414388,0.06968402616721575,1.02992162886534,3.353551210694068,1948,z-score standardization + numpy k-means,"Cluster labels are descriptive typologies, not fixed rankings."
PHI,PHL,Philippines,0,Rising challengers,5,"Uzbekistan, South Africa, Bahrain, Ecuador, Iran",1.8,0.075,1.3165611772087666,0.8458333333333334,1.4,1.0,0.1542610631925172,0.05982696456206328,0.47772524189981075,10.935226566805515,1928,z-score standardization + numpy k-means,"Cluster labels are descriptive typologies, not fixed rankings."
POL,POL,Poland,3,Broad mid-tier competitors,5,"Germany, France, Italy, Japan, Australia",13.652173913043478,0.23651469416922224,7.637281141944869,0.230401250172298,6.826086956521739,0.021753246753246747,0.21034273310874793,0.4099207943205016,4.059008488795274,5.92394952430019,1924,z-score standardization + numpy k-means,"Cluster labels are descriptive typologies, not fixed rankings."
POR,PRT,Portugal,0,Rising challengers,5,"Uzbekistan, South Africa, Bahrain, Ecuador, Iran",1.8823529411764706,0.16666666666666666,1.0537049480984035,0.7532679738562091,1.588235294117647,0.625,0.1113935811127079,0.18629244283590282,1.3163349871727972,2.7703072655604766,1924,z-score standardization + numpy k-means,"Cluster labels are descriptive typologies, not fixed rankings."
PRK,PRK,North Korea,3,Broad mid-tier competitors,5,"Germany, France, Italy, Japan, Australia",5.454545454545454,0.2572871572871573,1.7529196424044295,0.37808996999473193,3.6363636363636362,0.007936507936507936,0.4595629495290077,0.24631216693671032,,12.0736910943841,1972,z-score standardization + numpy k-means,"Cluster labels are descriptive typologies, not fixed rankings."
PUR,PRI,Puerto Rico,0,Rising challengers,5,"Uzbekistan, South Africa, Bahrain, Ecuador, Iran",1.3333333333333333,0.2222222222222222,0.5,0.8888888888888888,1.2222222222222223,0.375,0.1380569967255223,0.3733126852559229,,3.7343107721659883,1948,z-score standardization + numpy k-means,"Cluster labels are descriptive typologies, not fixed rankings."
QAT,QAT,Qatar,0,Rising challengers,5,"Uzbekistan, South Africa, Bahrain, Ecuador, Iran",1.5,0.1111111111111111,0.8366600265340756,0.8055555555555555,1.5,0.45833333333333337,0.043043043043043044,1.2366327952742928,1.975799067017332,8.433754068428991,1992,z-score standardization + numpy k-means,"Cluster labels are descriptive typologies, not fixed rankings."
ROC,ROC,Russia,2,Elite diversified powers,5,"Unified Team, Soviet Union, United States, Germany, Russia",71.0,0.28169014084507044,0.0,0.0759769886927197,20.0,0.26785714285714285,,,,12.655971479500892,1908,z-score standardization + numpy k-means,"Cluster labels are descriptive typologies, not fixed rankings."
ROU,ROU,Romania,3,Broad mid-tier competitors,5,"Germany, France, Italy, Japan, Australia",15.047619047619047,0.2587181807795843,11.770625261540657,0.3344069279044486,5.809523809523809,0.2048611111111111,0.29038454546890985,0.7268979202631961,13.793314576477439,8.010887074834276,1924,z-score standardization + numpy k-means,"Cluster labels are descriptive typologies, not fixed rankings."
RSA,ZAF,South Africa,0,Rising challengers,5,"Uzbekistan, South Africa, Bahrain, Ecuador, Iran",4.85,0.25166666666666665,2.7772572611727644,0.5059722222222223,2.7,1.4916666666666667,0.17013151633841628,0.3412852556267969,2.1374042896271477,6.526723637028402,1908,z-score standardization + numpy k-means,"Cluster labels are descriptive typologies, not fixed rankings."
RUS,RUS,Russia,2,Elite diversified powers,5,"Unified Team, Soviet Union, United States, Germany, Russia",57.5,0.2960133130625046,35.08764536333062,0.1772338870622961,15.125,-0.08909214092140921,0.31553493022813717,0.4021615576323432,3.0860866869025485,15.855044459795504,1908,z-score standardization + numpy k-means,"Cluster labels are descriptive typologies, not fixed rankings."
SCG,SCG,Serbia,3,Broad mid-tier competitors,5,"Germany, France, Italy, Japan, Australia",3.0,0.19444444444444442,1.0,0.40277777777777773,2.6666666666666665,,0.12355639503507826,,,3.182208157524613,1924,z-score standardization + numpy k-means,"Cluster labels are descriptive typologies, not fixed rankings."
SEN,SEN,Senegal,1,Specialist concentrated programs,5,"Monaco, Azerbaijan, Slovakia, AIN, Indonesia",1.0,0.0,0.0,1.0,1.0,,0.22095700707827537,0.13718132435399258,4.283143921423758,2.857142857142857,1988,z-score standardization + numpy k-means,"Cluster labels are descriptive typologies, not fixed rankings."
SGP,SGP,Singapore,1,Specialist concentrated programs,5,"Monaco, Azerbaijan, Slovakia, AIN, Indonesia",1.2,0.2,0.4472135954999579,1.0,1.0,0.16666666666666666,0.2736690328305235,0.34567298526907836,4.917502250842343,13.161231884057973,1960,z-score standardization + numpy k-means,"Cluster labels are descriptive typologies, not fixed rankings."
SLO,SVN,Slovenia,3,Broad mid-tier competitors,5,"Germany, France, Italy, Japan, Australia",3.4444444444444446,0.32962962962962966,1.2360330811826103,0.40981481481481485,3.111111111111111,-0.08750000000000001,0.3340134768972999,1.7196971656023565,5.575884978460959,4.812958866152404,1992,z-score standardization + numpy k-means,"Cluster labels are descriptive typologies, not fixed rankings."
SMR,SMR,San Marino,4,Efficient small-population performers,5,"San Marino, Luxembourg, Kenya, Dominica, Georgia",3.0,0.0,0.0,0.5555555555555556,2.0,,0.18959373222973402,86.21680652948615,,37.5,2020,z-score standardization + numpy k-means,"Cluster labels are descriptive typologies, not fixed rankings."
SRB,SRB,Serbia,3,Broad mid-tier competitors,5,"Germany, France, Italy, Japan, Australia",5.8,0.2866666666666667,2.588435821108957,0.24501543209876542,5.0,0.2534722222222222,0.2557750251088048,0.8435162375577789,4.753930107917015,4.988970764908878,1924,z-score standardization + numpy k-means,"Cluster labels are descriptive typologies, not fixed rankings."
SRI,LKA,Sri Lanka,1,Specialist concentrated programs,5,"Monaco, Azerbaijan, Slovakia, AIN, Indonesia",1.0,0.0,0.0,1.0,1.0,,0.2001527883880825,0.09176329746847622,0.9880904989048976,7.083333333333333,1948,z-score standardization + numpy k-means,"Cluster labels are descriptive typologies, not fixed rankings."
SUD,SDN,Sudan,1,Specialist concentrated programs,5,"Monaco, Azerbaijan, Slovakia, AIN, Indonesia",1.0,0.0,0.0,1.0,1.0,,0.1412037037037037,0.029740679122459625,0.7593869421754134,11.11111111111111,2008,z-score standardization + numpy k-means,"Cluster labels are descriptive typologies, not fixed rankings."
SUI,CHE,Switzerland,3,Broad mid-tier competitors,5,"Germany, France, Italy, Japan, Australia",7.666666666666667,0.3083954313660196,6.2440776538353875,0.4464939135293094,4.033333333333333,0.198489010989011,0.1279902783215172,1.5769925370156996,2.5154843935060196,8.468710482341157,1896,z-score standardization + numpy k-means,"Cluster labels are descriptive typologies, not fixed rankings."
SUR,SUR,Suriname,4,Efficient small-population performers,5,"San Marino, Luxembourg, Kenya, Dominica, Georgia",1.0,0.5,0.0,1.0,1.0,,0.2515873015873016,2.440379068359812,31.939436903937946,10.555555555555555,1988,z-score standardization + numpy k-means,"Cluster labels are descriptive typologies, not fixed rankings."
SVK,SVK,Slovakia,1,Specialist concentrated programs,5,"Monaco, Azerbaijan, Slovakia, AIN, Indonesia",4.125,0.26458333333333334,1.6420805617960925,0.5563194444444445,2.375,-0.2708333333333333,0.31473683901268973,0.8472375118846235,3.5127531512389587,5.770565314808385,1996,z-score standardization + numpy k-means,"Cluster labels are descriptive typologies, not fixed rankings."
SWE,SWE,Sweden,3,Broad mid-tier competitors,5,"Germany, France, Italy, Japan, Australia",18.379310344827587,0.29126078731805305,16.22479098061149,0.21558738627022808,7.586206896551724,0.2538510101010101,0.1920316656500895,2.798778238838293,6.542305329417338,8.238123499418366,1900,z-score standardization + numpy k-means,"Cluster labels are descriptive typologies, not fixed rankings."
SYR,SYR,Syria,1,Specialist concentrated programs,5,"Monaco, Azerbaijan, Slovakia, AIN, Indonesia",1.0,0.25,0.0,1.0,1.0,0.0,0.1450617790170029,0.06652735909739194,1.2204083112395665,14.23611111111111,1960,z-score standardization + numpy k-means,"Cluster labels are descriptive typologies, not fixed rankings."
TAN,TZA,Tanzania,1,Specialist concentrated programs,5,"Monaco, Azerbaijan, Slovakia, AIN, Indonesia",2.0,0.0,0.0,1.0,1.0,,0.13209148575002233,0.10422220298743565,5.665628963974744,4.166666666666666,1980,z-score standardization + numpy k-means,"Cluster labels are descriptive typologies, not fixed rankings."
TCH,TCH,Czechia,3,Broad mid-tier competitors,5,"Germany, France, Italy, Japan, Australia",9.125,0.30829344266844266,3.283798613394758,0.29376597351154043,5.125,,0.14660809994329024,,,4.966097189401317,1900,z-score standardization + numpy k-means,"Cluster labels are descriptive typologies, not fixed rankings."
TGA,TGA,Tonga,1,Specialist concentrated programs,5,"Monaco, Azerbaijan, Slovakia, AIN, Indonesia",1.0,0.0,0.0,1.0,1.0,,0.22539682539682537,,,20.0,1996,z-score standardization + numpy k-means,"Cluster labels are descriptive typologies, not fixed rankings."
THA,THA,Thailand,0,Rising challengers,5,"Uzbekistan, South Africa, Bahrain, Ecuador, Iran",3.1666666666666665,0.22569444444444442,2.3677121037112188,0.6715856481481483,2.0,0.5208333333333334,0.23534994545632842,0.04535165060282852,0.449153064407705,6.371854563244227,1976,z-score standardization + numpy k-means,"Cluster labels are descriptive typologies, not fixed rankings."
TJK,TJK,Tajikistan,1,Specialist concentrated programs,5,"Monaco, Azerbaijan, Slovakia, AIN, Indonesia",1.75,0.25,0.9574271077563381,0.7638888888888888,1.5,0.5,0.311276455026455,0.17003813599124784,4.795933699983368,13.616071428571427,2008,z-score standardization + numpy k-means,"Cluster labels are descriptive typologies, not fixed rankings."
TKM,TKM,Turkmenistan,1,Specialist concentrated programs,5,"Monaco, Azerbaijan, Slovakia, AIN, Indonesia",1.0,0.0,0.0,1.0,1.0,,0.41957671957671955,0.14388665185113775,0.6696116325769825,10.0,2020,z-score standardization + numpy k-means,"Cluster labels are descriptive typologies, not fixed rankings."
TOG,TGO,Togo,1,Specialist concentrated programs,5,"Monaco, Azerbaijan, Slovakia, AIN, Indonesia",1.0,0.0,0.0,1.0,1.0,,0.185,0.16845963875515066,8.433196157081229,25.0,2008,z-score standardization + numpy k-means,"Cluster labels are descriptive typologies, not fixed rankings."
TPE,TWN,Taiwan,0,Rising challengers,5,"Uzbekistan, South Africa, Bahrain, Ecuador, Iran",3.5833333333333335,0.0988095238095238,3.342789617107607,0.6509977324263039,2.5833333333333335,0.6458333333333334,0.32680791928775965,0.14939428635186902,0.7374200209827442,4.637462344964121,1960,z-score standardization + numpy k-means,"Cluster labels are descriptive typologies, not fixed rankings."
TTO,TTO,Trinidad,1,Specialist concentrated programs,5,"Monaco, Azerbaijan, Slovakia, AIN, Indonesia",1.9,0.175,0.9944289260117533,1.0,1.0,0.125,0.16462590299277605,1.7580998567005064,11.384259342608535,17.45866662471778,1948,z-score standardization + numpy k-means,"Cluster labels are descriptive typologies, not fixed rankings."
TUN,TUN,Tunisia,0,Rising challengers,5,"Uzbekistan, South Africa, Bahrain, Ecuador, Iran",2.0,0.2962962962962963,0.8660254037844388,0.7160493827160495,1.6666666666666667,0.5416666666666667,0.12820793948770778,0.24284680093897942,6.145899490713316,8.009174466425293,1964,z-score standardization + numpy k-means,"Cluster labels are descriptive typologies, not fixed rankings."
TUR,TUR,Turkey,3,Broad mid-tier competitors,5,"Germany, France, Italy, Japan, Australia",6.105263157894737,0.38951472504104084,3.5102189998489535,0.6240285356983133,2.6842105263157894,0.13866758241758242,0.10941507968239118,0.1484204979780143,1.5241826753858534,9.761424889634014,1936,z-score standardization + numpy k-means,"Cluster labels are descriptive typologies, not fixed rankings."
UAE,ARE,United Arab Emirates,4,Efficient small-population performers,5,"San Marino, Luxembourg, Kenya, Dominica, Georgia",1.0,0.5,0.0,1.0,1.0,0.0,0.0641025641025641,0.16825885134812654,0.17223314716356125,14.166666666666666,2004,z-score standardization + numpy k-means,"Cluster labels are descriptive typologies, not fixed rankings."
UAR,UAR,Syria,0,Rising challengers,5,"Uzbekistan, South Africa, Bahrain, Ecuador, Iran",2.0,0.0,0.0,0.5,2.0,,0.0,,,1.6260162601626018,1960,z-score standardization + numpy k-means,"Cluster labels are descriptive typologies, not fixed rankings."
UGA,UGA,Uganda,0,Rising challengers,5,"Uzbekistan, South Africa, Bahrain, Ecuador, Iran",1.8571428571428572,0.35714285714285715,1.0690449676496976,0.9285714285714286,1.1428571428571428,0.8333333333333334,0.15195804195804197,0.10520832152048987,9.367033454109626,9.017006802721088,1968,z-score standardization + numpy k-means,"Cluster labels are descriptive typologies, not fixed rankings."
UKR,UKR,Ukraine,3,Broad mid-tier competitors,5,"Germany, France, Italy, Japan, Australia",19.625,0.24113556426199445,5.5533130394644346,0.12824581056551135,10.75,-0.08760189615452772,0.4630489087594132,0.435358933112657,4.912647055784554,6.850025003805321,1996,z-score standardization + numpy k-means,"Cluster labels are descriptive typologies, not fixed rankings."
URS,URS,Soviet Union,2,Elite diversified powers,5,"Unified Team, Soviet Union, United States, Germany, Russia",111.66666666666667,0.385566120272973,36.10747844976162,0.11865288605801243,17.666666666666668,,0.22272041041722795,,,21.540598021839855,1952,z-score standardization + numpy k-means,"Cluster labels are descriptive typologies, not fixed rankings."
URU,URU,Uruguay,0,Rising challengers,5,"Uzbekistan, South Africa, Bahrain, Ecuador, Iran",1.25,0.25,0.4629100498862757,0.9375,1.125,,0.09411897973425043,,,5.640184325585319,1924,z-score standardization + numpy k-means,"Cluster labels are descriptive typologies, not fixed rankings."
USA,USA,United States,2,Elite diversified powers,5,"Unified Team, Soviet Union, United States, Germany, Russia",92.63333333333334,0.4146806979805443,40.41123378581696,0.26139075413198476,15.0,0.031162808284202658,0.21967898650547177,0.5750028862503337,1.236980457606697,19.687384632342102,1896,z-score standardization + numpy k-means,"Cluster labels are descriptive typologies, not fixed rankings."
UZB,UZB,Uzbekistan,0,Rising challengers,5,"Uzbekistan, South Africa, Bahrain, Ecuador, Iran",6.375,0.3341346153846154,4.274091382136927,0.3854162557527942,3.375,0.9544871794871795,0.25797862785133,0.1891810215269347,3.227581976410691,8.012266834980775,1996,z-score standardization + numpy k-means,"Cluster labels are descriptive typologies, not fixed rankings."
VEN,VEN,Venezuela,0,Rising challengers,5,"Uzbekistan, South Africa, Bahrain, Ecuador, Iran",1.7272727272727273,0.20454545454545456,1.1037127426019047,0.7967171717171717,1.5454545454545454,0.7777777777777778,0.14912069654507717,0.09837941955936924,0.914237612463661,3.1648592467539434,1952,z-score standardization + numpy k-means,"Cluster labels are descriptive typologies, not fixed rankings."
VIE,VNM,Vietnam,0,Rising challengers,5,"Uzbekistan, South Africa, Bahrain, Ecuador, Iran",1.3333333333333333,0.16666666666666666,0.5773502691896258,1.0,1.0,1.0,0.47685524352191017,0.015326027757279993,0.3030779709854449,8.994708994708994,2000,z-score standardization + numpy k-means,"Cluster labels are descriptive typologies, not fixed rankings."
WIF,WIF,Trinidad,1,Specialist concentrated programs,5,"Monaco, Azerbaijan, Slovakia, AIN, Indonesia",2.0,0.0,0.0,1.0,1.0,,0.0,,,10.0,1948,z-score standardization + numpy k-means,"Cluster labels are descriptive typologies, not fixed rankings."
YUG,YUG,Serbia,3,Broad mid-tier competitors,5,"Germany, France, Italy, Japan, Australia",5.928571428571429,0.30853174603174605,4.7306575525101024,0.4489429012345679,3.7857142857142856,,0.0979483250975264,,,4.595028120274995,1924,z-score standardization + numpy k-means,"Cluster labels are descriptive typologies, not fixed rankings."
ZAM,ZAM,Zambia,1,Specialist concentrated programs,5,"Monaco, Azerbaijan, Slovakia, AIN, Indonesia",1.0,0.0,0.0,1.0,1.0,0.0,0.1536102786102786,,,7.093787335722819,1984,z-score standardization + numpy k-means,"Cluster labels are descriptive typologies, not fixed rankings."
ZIM,ZWE,Zimbabwe,4,Efficient small-population performers,5,"San Marino, Luxembourg, Kenya, Dominica, Georgia",2.6666666666666665,0.5277777777777778,1.5275252316519468,1.0,1.0,,0.3556540491710812,0.23109463144248502,13.94707851228065,16.117216117216117,1980,z-score standardization + numpy k-means,"Cluster labels are descriptive typologies, not fixed rankings."
