sport,sport_country_hhi_mean,countries_winning_medals_mean,top1_share_mean,new_country_medal_count,medal_opportunity_count,event_growth_rate,female_event_growth_rate,median_population_of_winners,median_gdp_of_winners,median_medals_per_million_of_winners,median_medals_per_100b_gdp_of_winners,repeat_winner_rate,latest_event_count,latest_women_event_count,latest_total_medal_opportunities,breakthrough_friendliness_index,entry_barrier_index,sport_type,recommendation_note,index_note
3x3 Basketball,0.19444444444444445,5.5,0.25,10,12,0.0,0.0,173171985.0,11234448757812.5,0.6924585091797191,1.9066964384960936,0.09090909090909091,2.0,1.0,6,0.4137138127013253,0.5862861872986747,Medium-barrier breakthrough sports,Barrier indicators are moderate; selective niche investment may be more realistic than broad expansion.,"Higher breakthrough_friendliness_index means a sport looks easier for new or smaller countries to break into. This is a descriptive composite index, not a causal estimate."
Aeronautics,1.0,1.0,1.0,1,1,0.0,,4146411.0,,4.341103667726137,,0.0,1.0,0.0,1,0.07843290584923365,0.9215670941507663,High-barrier traditional-power sports,Medal concentration and incumbent persistence are high; breakthroughs likely require longer-cycle investment.,"Higher breakthrough_friendliness_index means a sport looks easier for new or smaller countries to break into. This is a descriptive composite index, not a causal estimate."
Alpinism,1.0,1.0,1.0,2,2,0.0,,36165464.5,,2.34654486500835,,0.0,1.0,0.0,1,0.07766806830892897,0.922331931691071,High-barrier traditional-power sports,Medal concentration and incumbent persistence are high; breakthroughs likely require longer-cycle investment.,"Higher breakthrough_friendliness_index means a sport looks easier for new or smaller countries to break into. This is a descriptive composite index, not a causal estimate."
Archery,0.3290678452450939,5.277777777777778,0.4549382716049382,24,216,-0.375,1.0,57217149.0,2140760250000.0,0.4996209163860779,1.449690309907546,0.7473684210526316,5.0,2.0,15,0.429702419837667,0.570297580162333,Medium-barrier breakthrough sports,Barrier indicators are moderate; selective niche investment may be more realistic than broad expansion.,"Higher breakthrough_friendliness_index means a sport looks easier for new or smaller countries to break into. This is a descriptive composite index, not a causal estimate."
Art Competitions,0.1849432932744303,9.428571428571429,0.31046906973229527,23,147,2.6,,9874338.5,,0.9130540390980015,,0.6515151515151515,18.0,0.0,32,0.49490519129693034,0.5050948087030697,Emerging opportunity sports,Program growth and new-medal-country churn are relatively high; suitable for selective breakthrough attempts.,"Higher breakthrough_friendliness_index means a sport looks easier for new or smaller countries to break into. This is a descriptive composite index, not a causal estimate."
Artistic Gymnastics,0.11681990265008112,17.0,0.19767441860465118,24,86,0.14285714285714285,0.16666666666666666,55885622.0,2498070875000.0,0.44847880683459834,1.0030289053665529,0.29411764705882354,16.0,7.0,43,0.5683767395585483,0.4316232604414517,Medium-barrier breakthrough sports,Barrier indicators are moderate; selective niche investment may be more realistic than broad expansion.,"Higher breakthrough_friendliness_index means a sport looks easier for new or smaller countries to break into. This is a descriptive composite index, not a causal estimate."
Artistic Swimming,0.2777777777777778,4.0,0.3333333333333333,7,12,0.0,0.0,735393050.5,13329701125000.0,0.24347630403328127,1.6118140917973152,0.125,2.0,2.0,6,0.32343506887006085,0.6765649311299391,High-barrier traditional-power sports,Medal concentration and incumbent persistence are high; breakthroughs likely require longer-cycle investment.,"Higher breakthrough_friendliness_index means a sport looks easier for new or smaller countries to break into. This is a descriptive composite index, not a causal estimate."
Athletics,0.1679455901491917,24.032258064516128,0.30724170093888603,104,3404,3.0,1.0,22678675.0,407681625000.0,0.5474292978213858,2.501765161454249,0.8626155878467635,48.0,23.0,145,0.8449272489476841,0.15507275105231588,Women-expansion opportunity sports,Women's event expansion is relatively strong; suitable for targeted entry where female participation can scale.,"Higher breakthrough_friendliness_index means a sport looks easier for new or smaller countries to break into. This is a descriptive composite index, not a causal estimate."
Badminton,0.25728395061728393,6.333333333333333,0.3851851851851852,13,135,0.25,0.0,59057333.0,1923510875000.0,0.2970414290638138,0.883800565983283,0.7719298245614035,5.0,2.0,15,0.40601221685395356,0.5939877831460465,Emerging opportunity sports,Program growth and new-medal-country churn are relatively high; suitable for selective breakthrough attempts.,"Higher breakthrough_friendliness_index means a sport looks easier for new or smaller countries to break into. This is a descriptive composite index, not a causal estimate."
Baseball,0.3333333333333333,3.0,0.3333333333333333,6,15,0.0,,46766660.0,4999695250000.0,0.5987171202732886,0.6290448843485877,0.6,1.0,0.0,3,0.3707898318790828,0.6292101681209172,Medium-barrier breakthrough sports,Barrier indicators are moderate; selective niche investment may be more realistic than broad expansion.,"Higher breakthrough_friendliness_index means a sport looks easier for new or smaller countries to break into. This is a descriptive composite index, not a causal estimate."
Baseball/Softball,0.2777777777777778,4.0,0.3333333333333333,4,6,0.0,0.0,82238218.0,3628055875000.0,0.45670520441553275,1.161023295948801,0.0,2.0,1.0,6,0.3888984794021139,0.611101520597886,Medium-barrier breakthrough sports,Barrier indicators are moderate; selective niche investment may be more realistic than broad expansion.,"Higher breakthrough_friendliness_index means a sport looks easier for new or smaller countries to break into. This is a descriptive composite index, not a causal estimate."
Basketball,0.2857142857142857,3.857142857142857,0.3333333333333333,23,102,1.0,1.0,65905273.0,2060501812500.0,0.454825872468134,1.5317914182851189,0.7160493827160493,2.0,1.0,6,0.45395309946207696,0.546046900537923,Emerging opportunity sports,Program growth and new-medal-country churn are relatively high; suitable for selective breakthrough attempts.,"Higher breakthrough_friendliness_index means a sport looks easier for new or smaller countries to break into. This is a descriptive composite index, not a causal estimate."
Basque Pelota,1.0,1.0,1.0,1,1,0.0,,18592411.0,,0.05378538587598994,,0.0,1.0,0.0,1,0.07735924799804816,0.9226407520019518,High-barrier traditional-power sports,Medal concentration and incumbent persistence are high; breakthroughs likely require longer-cycle investment.,"Higher breakthrough_friendliness_index means a sport looks easier for new or smaller countries to break into. This is a descriptive composite index, not a causal estimate."
Beach Volleyball,0.2569444444444445,4.5,0.3125,15,48,0.0,0.0,82760102.0,2619778250000.0,0.4625928672528242,0.901293355965811,0.5833333333333334,2.0,1.0,6,0.406547153080401,0.593452846919599,Medium-barrier breakthrough sports,Barrier indicators are moderate; selective niche investment may be more realistic than broad expansion.,"Higher breakthrough_friendliness_index means a sport looks easier for new or smaller countries to break into. This is a descriptive composite index, not a causal estimate."
Boxing,0.1549346608276505,17.11111111111111,0.23369009349401507,85,1060,0.8571428571428571,1.0,36272053.0,700528812500.0,0.5081305718740278,2.4323058867883223,0.820675105485232,13.0,6.0,52,0.7056922044070966,0.29430779559290343,Women-expansion opportunity sports,Women's event expansion is relatively strong; suitable for targeted entry where female participation can scale.,"Higher breakthrough_friendliness_index means a sport looks easier for new or smaller countries to break into. This is a descriptive composite index, not a causal estimate."
Breaking,0.16666666666666669,6.0,0.16666666666666666,6,6,0.0,0.0,,,,,0.0,2.0,1.0,6,0.4238343032036415,0.5761656967963584,Medium-barrier breakthrough sports,Barrier indicators are moderate; selective niche investment may be more realistic than broad expansion.,"Higher breakthrough_friendliness_index means a sport looks easier for new or smaller countries to break into. This is a descriptive composite index, not a causal estimate."
Canoe Slalom,0.16512345679012347,8.5,0.2777777777777778,12,30,0.5,0.5,25743787.0,1582895000000.0,0.9650809940512408,2.355532912177544,0.29411764705882354,6.0,3.0,18,0.49038839074429597,0.509611609255704,Emerging opportunity sports,Program growth and new-medal-country churn are relatively high; suitable for selective breakthrough attempts.,"Higher breakthrough_friendliness_index means a sport looks easier for new or smaller countries to break into. This is a descriptive composite index, not a causal estimate."
Canoe Sprint,0.08881485977826595,17.5,0.19623655913978494,20,67,-0.16666666666666666,-0.16666666666666666,31957396.0,1365882000000.0,0.6481860392633461,2.044617324703161,0.42857142857142855,10.0,5.0,31,0.5566294460092692,0.4433705539907308,Medium-barrier breakthrough sports,Barrier indicators are moderate; selective niche investment may be more realistic than broad expansion.,"Higher breakthrough_friendliness_index means a sport looks easier for new or smaller countries to break into. This is a descriptive composite index, not a causal estimate."
Canoeing,0.1254447098433315,12.736842105263158,0.213635414293309,45,709,0.7777777777777778,1.0,29575967.0,598451875000.0,0.7970583763562198,3.4515849947951174,0.8185483870967742,16.0,5.0,49,0.6186527173375103,0.38134728266248974,Women-expansion opportunity sports,Women's event expansion is relatively strong; suitable for targeted entry where female participation can scale.,"Higher breakthrough_friendliness_index means a sport looks easier for new or smaller countries to break into. This is a descriptive composite index, not a causal estimate."
Cricket,0.5555555555555556,2.0,0.6666666666666666,2,3,0.0,,40554369.0,,1.7854685358299762,,0.0,1.0,0.0,3,0.24962411768111747,0.7503758823188825,High-barrier traditional-power sports,Medal concentration and incumbent persistence are high; breakthroughs likely require longer-cycle investment.,"Higher breakthrough_friendliness_index means a sport looks easier for new or smaller countries to break into. This is a descriptive composite index, not a causal estimate."
Croquet,1.0,1.0,1.0,1,7,0.0,,40019136.0,,2.5487806633306627,,0.0,3.0,0.0,7,0.07595841437807158,0.9240415856219284,High-barrier traditional-power sports,Medal concentration and incumbent persistence are high; breakthroughs likely require longer-cycle investment.,"Higher breakthrough_friendliness_index means a sport looks easier for new or smaller countries to break into. This is a descriptive composite index, not a causal estimate."
Cycling,0.21022043532845888,9.482758620689655,0.320432192347749,43,761,2.0,1.0,44073361.0,1227024750000.0,0.6051712710343436,2.2928722465231566,0.8491228070175438,18.0,9.0,54,0.5635749519810443,0.43642504801895565,Women-expansion opportunity sports,Women's event expansion is relatively strong; suitable for targeted entry where female participation can scale.,"Higher breakthrough_friendliness_index means a sport looks easier for new or smaller countries to break into. This is a descriptive composite index, not a causal estimate."
Cycling BMX Freestyle,0.19444444444444448,5.5,0.25,8,12,0.0,0.0,28444080.0,2380987000000.0,0.9650809940512408,1.930937552713885,0.2727272727272727,2.0,1.0,6,0.437142761547469,0.562857238452531,Medium-barrier breakthrough sports,Barrier indicators are moderate; selective niche investment may be more realistic than broad expansion.,"Higher breakthrough_friendliness_index means a sport looks easier for new or smaller countries to break into. This is a descriptive composite index, not a causal estimate."
Cycling BMX Racing,0.33333333333333337,3.5,0.41666666666666663,6,12,0.0,0.0,50629997.0,1117582625000.0,0.9650809940512408,2.044617324703161,0.14285714285714285,2.0,1.0,6,0.36735485169095816,0.6326451483090418,Medium-barrier breakthrough sports,Barrier indicators are moderate; selective niche investment may be more realistic than broad expansion.,"Higher breakthrough_friendliness_index means a sport looks easier for new or smaller countries to break into. This is a descriptive composite index, not a causal estimate."
Cycling Mountain Bike,0.39,3.5,0.5333333333333333,7,11,0.0,0.0,47679482.0,1863857875000.0,0.9650809940512408,1.8172577807246089,0.0,2.0,1.0,5,0.33839037920747805,0.661609620792522,High-barrier traditional-power sports,Medal concentration and incumbent persistence are high; breakthroughs likely require longer-cycle investment.,"Higher breakthrough_friendliness_index means a sport looks easier for new or smaller countries to break into. This is a descriptive composite index, not a causal estimate."
Cycling Road,0.2152777777777778,6.5,0.35416666666666663,10,20,0.0,0.0,14543080.0,658483843750.0,1.144579161011531,1.6827245531043062,0.23076923076923078,4.0,2.0,8,0.4303991583779892,0.5696008416220109,Medium-barrier breakthrough sports,Barrier indicators are moderate; selective niche investment may be more realistic than broad expansion.,"Higher breakthrough_friendliness_index means a sport looks easier for new or smaller countries to break into. This is a descriptive composite index, not a causal estimate."
Cycling Track,0.11265432098765432,14.0,0.20833333333333331,19,72,-0.07692307692307693,-0.14285714285714285,44680008.0,1954253250000.0,0.6287347004942353,1.423514562553975,0.32142857142857145,12.0,6.0,36,0.5270887150200704,0.4729112849799296,Medium-barrier breakthrough sports,Barrier indicators are moderate; selective niche investment may be more realistic than broad expansion.,"Higher breakthrough_friendliness_index means a sport looks easier for new or smaller countries to break into. This is a descriptive composite index, not a causal estimate."
Diving,0.42583856561736444,4.586206896551724,0.56564039408867,24,418,7.0,1.0,78364503.0,1700923375000.0,0.5276729074629891,1.9119584046265414,0.8222222222222222,8.0,4.0,24,0.431842140469118,0.568157859530882,Emerging opportunity sports,Program growth and new-medal-country churn are relatively high; suitable for selective breakthrough attempts.,"Higher breakthrough_friendliness_index means a sport looks easier for new or smaller countries to break into. This is a descriptive composite index, not a causal estimate."
Equestrian,0.17901234567901236,8.5,0.2777777777777778,11,36,0.0,0.0,45824530.0,2380987000000.0,0.7379182038657166,1.3309204697378658,0.35294117647058826,12.0,6.0,18,0.4572839439642835,0.5427160560357165,Medium-barrier breakthrough sports,Barrier indicators are moderate; selective niche investment may be more realistic than broad expansion.,"Higher breakthrough_friendliness_index means a sport looks easier for new or smaller countries to break into. This is a descriptive composite index, not a causal estimate."
Equestrianism,0.19865214208724058,7.36,0.31187301587301586,31,458,0.2,,42780274.0,1178497625000.0,0.5270649839599841,2.1189466634637975,0.8351063829787234,6.0,0.0,18,0.49206729326025284,0.5079327067397472,Emerging opportunity sports,Program growth and new-medal-country churn are relatively high; suitable for selective breakthrough attempts.,"Higher breakthrough_friendliness_index means a sport looks easier for new or smaller countries to break into. This is a descriptive composite index, not a causal estimate."
Fencing,0.2173582841915079,7.838709677419355,0.3196598321423006,39,739,3.0,1.0,43045892.5,1448434250000.0,0.6026619415454039,2.0546067386392552,0.8421052631578947,12.0,6.0,36,0.5504760485825766,0.4495239514174234,Women-expansion opportunity sports,Women's event expansion is relatively strong; suitable for targeted entry where female participation can scale.,"Higher breakthrough_friendliness_index means a sport looks easier for new or smaller countries to break into. This is a descriptive composite index, not a causal estimate."
Figure Skating,0.3032407407407407,4.5,0.41666666666666663,7,21,-0.25,0.0,44073361.0,,3.2445903093253996,,0.2222222222222222,3.0,1.0,9,0.3617237892219835,0.6382762107780164,Medium-barrier breakthrough sports,Barrier indicators are moderate; selective niche investment may be more realistic than broad expansion.,"Higher breakthrough_friendliness_index means a sport looks easier for new or smaller countries to break into. This is a descriptive composite index, not a causal estimate."
Football,0.28379310344827585,3.8275862068965516,0.30689655172413793,36,118,1.0,1.0,46448585.0,1700923375000.0,0.6374585447537326,1.8004593647011615,0.6842105263157895,2.0,1.0,6,0.48098937515463613,0.5190106248453639,Emerging opportunity sports,Program growth and new-medal-country churn are relatively high; suitable for selective breakthrough attempts.,"Higher breakthrough_friendliness_index means a sport looks easier for new or smaller countries to break into. This is a descriptive composite index, not a causal estimate."
Golf,0.3666666666666667,4.2,0.4333333333333333,11,30,0.0,0.0,46193719.0,2362046000000.0,0.8685865753988872,1.0939560156122612,0.47619047619047616,2.0,1.0,6,0.3596373579974237,0.6403626420025763,Medium-barrier breakthrough sports,Barrier indicators are moderate; selective niche investment may be more realistic than broad expansion.,"Higher breakthrough_friendliness_index means a sport looks easier for new or smaller countries to break into. This is a descriptive composite index, not a causal estimate."
Gymnastics,0.2783564266882461,7.689655172413793,0.4062325842404414,37,1000,0.75,1.0,47258122.0,1499193125000.0,0.7458346855687845,2.2928722465231566,0.8384279475982532,14.0,6.0,42,0.5131360176398321,0.4868639823601679,Emerging opportunity sports,Program growth and new-medal-country churn are relatively high; suitable for selective breakthrough attempts.,"Higher breakthrough_friendliness_index means a sport looks easier for new or smaller countries to break into. This is a descriptive composite index, not a causal estimate."
Handball,0.2233560090702948,4.933333333333334,0.27777777777777773,25,85,1.0,1.0,40809037.0,545190187500.0,1.1260460600616053,3.4515849947951174,0.6666666666666666,2.0,1.0,6,0.4925517989304556,0.5074482010695445,Emerging opportunity sports,Program growth and new-medal-country churn are relatively high; suitable for selective breakthrough attempts.,"Higher breakthrough_friendliness_index means a sport looks easier for new or smaller countries to break into. This is a descriptive composite index, not a causal estimate."
Hockey,0.30401360544217687,3.84,0.3466666666666666,19,113,1.0,1.0,56451312.0,1009259062500.0,0.5102952578567865,1.8004593647011615,0.8061224489795918,2.0,1.0,6,0.44320141140714986,0.5567985885928501,Emerging opportunity sports,Program growth and new-medal-country churn are relatively high; suitable for selective breakthrough attempts.,"Higher breakthrough_friendliness_index means a sport looks easier for new or smaller countries to break into. This is a descriptive composite index, not a causal estimate."
Ice Hockey,0.3333333333333333,3.0,0.3333333333333333,3,3,0.0,,56234742.0,,0.9821857102867706,,0.0,1.0,0.0,3,0.37076217538576856,0.6292378246142314,Medium-barrier breakthrough sports,Barrier indicators are moderate; selective niche investment may be more realistic than broad expansion.,"Higher breakthrough_friendliness_index means a sport looks easier for new or smaller countries to break into. This is a descriptive composite index, not a causal estimate."
Jeu De Paume,0.5555555555555556,2.0,0.6666666666666666,2,3,0.0,,65574130.0,,1.8864355701456967,,0.0,1.0,0.0,3,0.24776459512591645,0.7522354048740836,High-barrier traditional-power sports,Medal concentration and incumbent persistence are high; breakthroughs likely require longer-cycle investment.,"Higher breakthrough_friendliness_index means a sport looks easier for new or smaller countries to break into. This is a descriptive composite index, not a causal estimate."
Judo,0.08936809769771058,18.866666666666667,0.17552277432712213,60,674,2.75,1.0,49247336.0,1314169687500.0,0.5081305718740278,1.8004593647011615,0.7931034482758621,15.0,7.0,60,0.702539186927902,0.29746081307209804,Women-expansion opportunity sports,Women's event expansion is relatively strong; suitable for targeted entry where female participation can scale.,"Higher breakthrough_friendliness_index means a sport looks easier for new or smaller countries to break into. This is a descriptive composite index, not a causal estimate."
Karate,0.0625,20.0,0.125,20,32,0.0,0.0,44680008.0,1315642625000.0,0.4592075883768954,1.3023800996320776,0.0,8.0,4.0,32,0.6067420103271575,0.39325798967284253,Medium-barrier breakthrough sports,Barrier indicators are moderate; selective niche investment may be more realistic than broad expansion.,"Higher breakthrough_friendliness_index means a sport looks easier for new or smaller countries to break into. This is a descriptive composite index, not a causal estimate."
Lacrosse,0.5277777777777778,2.0,0.5833333333333333,3,5,0.0,,6663003.0,,2.401319645211026,,0.25,1.0,0.0,2,0.2696181880551215,0.7303818119448785,High-barrier traditional-power sports,Medal concentration and incumbent persistence are high; breakthroughs likely require longer-cycle investment.,"Higher breakthrough_friendliness_index means a sport looks easier for new or smaller countries to break into. This is a descriptive composite index, not a causal estimate."
Marathon Swimming,0.33333333333333337,4.0,0.3333333333333333,6,8,0.0,0.0,42828275.0,2083277500000.0,1.2272381381438957,2.2271295026366253,0.25,2.0,1.0,2,0.380649569204855,0.619350430795145,Medium-barrier breakthrough sports,Barrier indicators are moderate; selective niche investment may be more realistic than broad expansion.,"Higher breakthrough_friendliness_index means a sport looks easier for new or smaller countries to break into. This is a descriptive composite index, not a causal estimate."
Modern Pentathlon,0.39743589743589747,3.6153846153846154,0.46794871794871795,26,132,1.0,1.0,36265123.5,873847750000.0,0.8254607699421324,2.4714978850832647,0.723404255319149,2.0,1.0,6,0.4153337012084288,0.5846662987915712,Emerging opportunity sports,Program growth and new-medal-country churn are relatively high; suitable for selective breakthrough attempts.,"Higher breakthrough_friendliness_index means a sport looks easier for new or smaller countries to break into. This is a descriptive composite index, not a causal estimate."
Motorboating,0.5555555555555556,2.0,0.6666666666666666,2,3,0.0,,42244670.5,,1.857350694575378,,0.0,3.0,0.0,3,0.24949849083103126,0.7505015091689687,High-barrier traditional-power sports,Medal concentration and incumbent persistence are high; breakthroughs likely require longer-cycle investment.,"Higher breakthrough_friendliness_index means a sport looks easier for new or smaller countries to break into. This is a descriptive composite index, not a causal estimate."
Polo,0.4567901234567901,2.8,0.4666666666666666,6,20,0.0,,42581481.5,,0.738338987767365,,0.5714285714285714,1.0,0.0,3,0.30814444657893086,0.6918555534210691,High-barrier traditional-power sports,Medal concentration and incumbent persistence are high; breakthroughs likely require longer-cycle investment.,"Higher breakthrough_friendliness_index means a sport looks easier for new or smaller countries to break into. This is a descriptive composite index, not a causal estimate."
Racquets,1.0,1.0,1.0,1,6,0.0,,44073361.0,,3.2445903093253996,,0.0,2.0,0.0,6,0.07562515451308478,0.9243748454869152,High-barrier traditional-power sports,Medal concentration and incumbent persistence are high; breakthroughs likely require longer-cycle investment.,"Higher breakthrough_friendliness_index means a sport looks easier for new or smaller countries to break into. This is a descriptive composite index, not a causal estimate."
Rhythmic Gymnastics,0.35353535353535354,3.5454545454545454,0.45454545454545453,16,57,1.0,1.0,45616831.0,717231531250.0,0.5766868817489452,3.3816086294841887,0.5897435897435898,2.0,2.0,6,0.41251903739078194,0.5874809626092181,Emerging opportunity sports,Program growth and new-medal-country churn are relatively high; suitable for selective breakthrough attempts.,"Higher breakthrough_friendliness_index means a sport looks easier for new or smaller countries to break into. This is a descriptive composite index, not a causal estimate."
Roque,1.0,1.0,1.0,1,3,0.0,,80705948.0,,2.849851909304132,,0.0,1.0,0.0,3,0.07280671832553008,0.9271932816744699,High-barrier traditional-power sports,Medal concentration and incumbent persistence are high; breakthroughs likely require longer-cycle investment.,"Higher breakthrough_friendliness_index means a sport looks easier for new or smaller countries to break into. This is a descriptive composite index, not a causal estimate."
Rowing,0.16279700588156024,12.066666666666666,0.2592857142857143,43,912,2.75,1.0,38147829.0,984007468750.0,0.7004916594971806,2.477394127718765,0.8850267379679144,15.0,8.0,42,0.6099139803272956,0.3900860196727044,Women-expansion opportunity sports,Women's event expansion is relatively strong; suitable for targeted entry where female participation can scale.,"Higher breakthrough_friendliness_index means a sport looks easier for new or smaller countries to break into. This is a descriptive composite index, not a causal estimate."
Rugby,0.38333333333333336,3.0,0.3833333333333333,7,12,0.0,,42581481.5,,0.9666286376496163,,0.4166666666666667,1.0,0.0,3,0.34725051146041064,0.6527494885395894,High-barrier traditional-power sports,Medal concentration and incumbent persistence are high; breakthroughs likely require longer-cycle investment.,"Higher breakthrough_friendliness_index means a sport looks easier for new or smaller countries to break into. This is a descriptive composite index, not a causal estimate."
Rugby Sevens,0.20370370370370372,5.333333333333333,0.2222222222222222,9,18,0.0,0.0,40772652.5,1213677968750.0,0.81098284744258,1.6246743021009267,0.4375,2.0,1.0,6,0.43862004732935916,0.5613799526706409,Medium-barrier breakthrough sports,Barrier indicators are moderate; selective niche investment may be more realistic than broad expansion.,"Higher breakthrough_friendliness_index means a sport looks easier for new or smaller countries to break into. This is a descriptive composite index, not a causal estimate."
Sailing,0.14774178138327967,11.25,0.24669896576730194,45,591,0.25,1.0,40019136.0,1020736843750.0,0.6080955517567151,2.2928722465231566,0.8615384615384616,10.0,4.0,30,0.5893737088751045,0.41062629112489546,Women-expansion opportunity sports,Women's event expansion is relatively strong; suitable for targeted entry where female participation can scale.,"Higher breakthrough_friendliness_index means a sport looks easier for new or smaller countries to break into. This is a descriptive composite index, not a causal estimate."
Shooting,0.15388130261779723,12.827586206896552,0.27301887279574905,71,963,2.0,1.0,38240751.5,1227024750000.0,0.6615347215506007,2.2928722465231566,0.8151041666666666,15.0,6.0,45,0.6533857158514695,0.34661428414853046,Women-expansion opportunity sports,Women's event expansion is relatively strong; suitable for targeted entry where female participation can scale.,"Higher breakthrough_friendliness_index means a sport looks easier for new or smaller countries to break into. This is a descriptive composite index, not a causal estimate."
Skateboarding,0.2569444444444444,5.0,0.375,5,24,0.0,0.0,126304533.0,3476453250000.0,0.4592075883768954,1.0939560156122612,0.5,4.0,2.0,12,0.38073770206823887,0.6192622979317611,Medium-barrier breakthrough sports,Barrier indicators are moderate; selective niche investment may be more realistic than broad expansion.,"Higher breakthrough_friendliness_index means a sport looks easier for new or smaller countries to break into. This is a descriptive composite index, not a causal estimate."
Softball,0.3333333333333333,3.0,0.3333333333333333,4,12,0.0,0.0,127985880.5,5519212250000.0,0.3528261941115619,0.7182131283043982,0.6666666666666666,1.0,1.0,3,0.34812627594704915,0.6518737240529509,High-barrier traditional-power sports,Medal concentration and incumbent persistence are high; breakthroughs likely require longer-cycle investment.,"Higher breakthrough_friendliness_index means a sport looks easier for new or smaller countries to break into. This is a descriptive composite index, not a causal estimate."
Sport Climbing,0.18055555555555555,6.5,0.25,9,18,1.0,1.0,47679482.0,1863857875000.0,0.4592075883768954,1.0939560156122612,0.3076923076923077,4.0,2.0,12,0.4959586767350077,0.5040413232649923,Emerging opportunity sports,Program growth and new-medal-country churn are relatively high; suitable for selective breakthrough attempts.,"Higher breakthrough_friendliness_index means a sport looks easier for new or smaller countries to break into. This is a descriptive composite index, not a causal estimate."
Surfing,0.25,4.5,0.3333333333333333,6,12,0.0,0.0,126304533.0,3476453250000.0,0.3329050191105747,0.6040639263594296,0.3333333333333333,2.0,1.0,6,0.3909757833707193,0.6090242166292807,Medium-barrier breakthrough sports,Barrier indicators are moderate; selective niche investment may be more realistic than broad expansion.,"Higher breakthrough_friendliness_index means a sport looks easier for new or smaller countries to break into. This is a descriptive composite index, not a causal estimate."
Swimming,0.21596043347443086,11.935483870967742,0.37669247946474715,56,1963,8.25,1.0,47823905.0,1227024750000.0,0.5685435682068307,2.1189466634637975,0.8534031413612565,37.0,18.0,100,0.6585512895585129,0.34144871044148706,Women-expansion opportunity sports,Women's event expansion is relatively strong; suitable for targeted entry where female participation can scale.,"Higher breakthrough_friendliness_index means a sport looks easier for new or smaller countries to break into. This is a descriptive composite index, not a causal estimate."
Synchronized Swimming,0.32098765432098764,3.2222222222222223,0.3333333333333333,7,51,0.0,0.0,127815769.0,4614489000000.0,0.37288540517109725,0.9581873800240196,0.7586206896551724,2.0,2.0,6,0.35775630565288435,0.6422436943471157,High-barrier traditional-power sports,Medal concentration and incumbent persistence are high; breakthroughs likely require longer-cycle investment.,"Higher breakthrough_friendliness_index means a sport looks easier for new or smaller countries to break into. This is a descriptive composite index, not a causal estimate."
Table Tennis,0.35772222222222216,4.8,0.5183333333333333,12,129,0.25,0.0,49599580.0,2081908875000.0,0.4592075883768954,1.1333394287897074,0.75,5.0,2.0,15,0.35091589014719937,0.6490841098528006,Emerging opportunity sports,Program growth and new-medal-country churn are relatively high; suitable for selective breakthrough attempts.,"Higher breakthrough_friendliness_index means a sport looks easier for new or smaller countries to break into. This is a descriptive composite index, not a causal estimate."
Taekwondo,0.06733630952380952,19.714285714285715,0.1369047619047619,46,208,0.0,0.0,59737225.0,1443460750000.0,0.3240446918709914,0.9808006580157794,0.6666666666666666,8.0,4.0,32,0.6284529273155356,0.3715470726844644,Medium-barrier breakthrough sports,Barrier indicators are moderate; selective niche investment may be more realistic than broad expansion.,"Higher breakthrough_friendliness_index means a sport looks easier for new or smaller countries to break into. This is a descriptive composite index, not a causal estimate."
Tennis,0.2661387602880658,7.0,0.36203703703703705,42,259,1.5,1.0,40667852.0,1469505000000.0,0.5408694735959806,1.3610025144521454,0.6692913385826772,5.0,2.0,15,0.5129923006666266,0.4870076993333734,Emerging opportunity sports,Program growth and new-medal-country churn are relatively high; suitable for selective breakthrough attempts.,"Higher breakthrough_friendliness_index means a sport looks easier for new or smaller countries to break into. This is a descriptive composite index, not a causal estimate."
Trampoline Gymnastics,0.3055555555555556,4.0,0.41666666666666663,6,12,0.0,0.0,38351401.5,1715713953125.0,0.8568342981962617,2.4092772258422337,0.25,2.0,1.0,6,0.37356677894823903,0.6264332210517609,Medium-barrier breakthrough sports,Barrier indicators are moderate; selective niche investment may be more realistic than broad expansion.,"Higher breakthrough_friendliness_index means a sport looks easier for new or smaller countries to break into. This is a descriptive composite index, not a causal estimate."
Trampolining,0.34444444444444444,3.8,0.4666666666666666,9,30,0.0,0.0,49556654.0,1861421125000.0,0.515426825097037,1.3395396849566685,0.5263157894736842,2.0,1.0,6,0.35294572308863714,0.6470542769113629,Medium-barrier breakthrough sports,Barrier indicators are moderate; selective niche investment may be more realistic than broad expansion.,"Higher breakthrough_friendliness_index means a sport looks easier for new or smaller countries to break into. This is a descriptive composite index, not a causal estimate."
Triathlon,0.24426807760141095,4.857142857142857,0.35714285714285715,16,45,0.5,0.0,21370595.0,958755875000.0,0.835830576186972,1.6396755814022432,0.5294117647058824,3.0,1.0,6,0.41744254729624136,0.5825574527037587,Emerging opportunity sports,Program growth and new-medal-country churn are relatively high; suitable for selective breakthrough attempts.,"Higher breakthrough_friendliness_index means a sport looks easier for new or smaller countries to break into. This is a descriptive composite index, not a causal estimate."
Tug-Of-War,0.5069444444444444,2.5,0.5277777777777778,10,19,0.0,,7192582.5,,2.5894157558032993,,0.3333333333333333,1.0,0.0,3,0.2977820358208606,0.7022179641791394,High-barrier traditional-power sports,Medal concentration and incumbent persistence are high; breakthroughs likely require longer-cycle investment.,"Higher breakthrough_friendliness_index means a sport looks easier for new or smaller countries to break into. This is a descriptive composite index, not a causal estimate."
Volleyball,0.22930839002267572,4.8125,0.3125,23,97,0.0,0.0,78719924.0,1936331375000.0,0.46297748459471355,1.4110159336769599,0.7051282051282052,2.0,1.0,6,0.42667903753228115,0.5733209624677189,Medium-barrier breakthrough sports,Barrier indicators are moderate; selective niche investment may be more realistic than broad expansion.,"Higher breakthrough_friendliness_index means a sport looks easier for new or smaller countries to break into. This is a descriptive composite index, not a causal estimate."
Water Polo,0.3219157088122605,3.5517241379310347,0.3413793103448276,21,110,1.0,1.0,22111621.5,1046893281250.0,0.9437295386741733,2.5522947384223458,0.7961165048543689,2.0,1.0,6,0.44372250469658464,0.5562774953034153,Emerging opportunity sports,Program growth and new-medal-country churn are relatively high; suitable for selective breakthrough attempts.,"Higher breakthrough_friendliness_index means a sport looks easier for new or smaller countries to break into. This is a descriptive composite index, not a causal estimate."
Weightlifting,0.16668930003347243,11.107142857142858,0.26185849818854745,70,729,4.0,1.0,39173971.5,887224031250.0,0.5102952578567865,2.6239773905188803,0.779874213836478,10.0,5.0,30,0.6460613876804453,0.3539386123195547,Women-expansion opportunity sports,Women's event expansion is relatively strong; suitable for targeted entry where female participation can scale.,"Higher breakthrough_friendliness_index means a sport looks easier for new or smaller countries to break into. This is a descriptive composite index, not a causal estimate."
Wrestling,0.16225294405864338,15.5,0.27615905231345184,68,1452,17.0,1.0,35209648.5,852835718750.0,0.5801804329353002,2.5620520737924646,0.8574423480083857,18.0,6.0,72,0.7649167156593406,0.2350832843406594,Women-expansion opportunity sports,Women's event expansion is relatively strong; suitable for targeted entry where female participation can scale.,"Higher breakthrough_friendliness_index means a sport looks easier for new or smaller countries to break into. This is a descriptive composite index, not a causal estimate."
